{
   "components": {
      "model_variants": {
         "default": {
            "models": [
               "file(throw_rug_purple.qb)"
            ]
         }
      },
      "unit_info": {
         "name": "Decorative Purple Throw Rug",
         "description": "Brightens up that old dusty floor.",
         "icon" : "file(throw_rug_purple.png)"
      },
      "stonehearth:material" : {
         "tags" : "cloth crafted purple"
      },
      "mob" : {
         "model_origin" : { "x": -0.05, "y": 0, "z": 0 },
         "region_origin" : { "x": 0.5, "y": 0, "z": 0.5 }
      }
   }
}
