{
   "mixins" : "file(camp_standard_purple_ghost.json)",
   "components": {
      "stonehearth:entity_forms" : {
         "iconic_form" : "file(camp_standard_purple_iconic.json)",
         "ghost_form" : "file(camp_standard_purple_ghost.json)",
         "placeable_on_ground" : true
      },
      "destination": {
         "region": [
            {
               "min" : { "x" : 0, "y" : 0, "z" : 0 },
               "max" : { "x" : 1, "y" : 1, "z" : 1 }
            }
         ]
      },
      "region_collision_shape" : {
         "region": [
            {
               "min" : { "x" : 0, "y" : 0, "z" : 0 },
               "max" : { "x" : 1, "y" : 4, "z" : 1 }
            }
         ]
      }
   }
}
