{
   "mixins": "stonehearth:mixins:item_properties",
   "type": "entity",
   "components": {
      "model_variants": {
         "default": {
            "models": [
               "file(thread_orange.qb)"
            ]
         }
      },
      "unit_info": {
         "name": "Spool of Orange Thread",
         "description": "Nobody would ever think this started with a sheep. Or a plant.",
         "icon" : "file(thread_orange.png)"

      },
      "stonehearth:material" : {
         "tags" :  "orange thread resource cloth_asset"
      }
   }
}