{
   "components": {
      "model_variants": {
         "default": {
            "models": [
               "file(comfy_chair_yellow.qb)"
            ]
         }
      },
      "unit_info": {
         "name": "Yellow Comfy Chair",
         "description": "For sitting!",
         "icon" : "file(comfy_chair_yellow.png)"
      },
      "stonehearth:material" : {
         "tags" : "wood furniture crafted chair yellow"
      },
      "mob" : {
         "model_origin" : { "x": -0.05, "y": 0, "z": 0.05 },
         "region_origin" : { "x": 0.5, "y": 0, "z": 0.5 }
      }
   }
}
