{
   "type":"recipe",

   "work_units"  : 2,
   "recipe_name" : "Orange Cloth Bolt",
   "description" : "A Bolt of Orange Cloth",
   "flavor"      : "To make thicker by the width of one string: add string. Repeat 1,000,000 times.",
   "portrait"    : "/colors-base/entities/cloth/cloth_bolt/cloth_bolt_orange/cloth_bolt_orange.png",

   "ingredients": [
      {
         "material" : "orange dye resource",
         "count" : 1
      },
	  {
         "material" : "undyed cloth resource",
         "count" : 1
      }
  ],
  "produces": [
      {
         "item":"colors-base:cloth_bolt_orange"
      }
  ]
}