{
   "type":"recipe",

   "work_units"  : 2,
   "recipe_name" : "Blue Thread x3",
   "description" : "Used to create works of art",
   "flavor"      : "Sew, sew, sew your cloth...",
   "portrait"    : "/colors-base/entities/cloth/thread/thread_blue/thread_blue.png",

   "ingredients": [
      {
         "material" : "undyed thread resource",
         "count" : 3
      },
	  {
         "material" : "blue dye resource",
         "count" : 1
      }
  ],
  "produces": [
      {
         "item":"colors-base:thread_blue"
      },
	  {
         "item":"colors-base:thread_blue"
      },
	  {
         "item":"colors-base:thread_blue"
      }
  ]
}