{
	"craftable_recipes" : {
		"Dyes" : {
			"reddye" : {"uri" : "file(/recipes/weaver/materials/dye_red_recipe.json)"},
			"orangedye" : {"uri" : "file(/recipes/weaver/materials/dye_orange_recipe.json)"},
			"yellowdye" : {"uri" : "file(/recipes/weaver/materials/dye_yellow_recipe.json)"},
			"greendye" : {"uri" : "file(/recipes/weaver/materials/dye_green_recipe.json)"},
			"bluedye" : {"uri" : "file(/recipes/weaver/materials/dye_blue_recipe.json)"},
			"purpledye" : {"uri" : "file(/recipes/weaver/materials/dye_purple_recipe.json)"}
		},
		"Crafting Materials" : {
			"redclothbolt" : {"uri" : "file(/recipes/weaver/materials/cloth_bolt_red_recipe.json)"},
			"orangeclothbolt" : {"uri" : "file(/recipes/weaver/materials/cloth_bolt_orange_recipe.json)"},
			"yellowclothbolt" : {"uri" : "file(/recipes/weaver/materials/cloth_bolt_yellow_recipe.json)"},
			"greenclothbolt" : {"uri" : "file(/recipes/weaver/materials/cloth_bolt_green_recipe.json)"},
			"blueclothbolt" : {"uri" : "file(/recipes/weaver/materials/cloth_bolt_blue_recipe.json)"},
			"purpleclothbolt" : {"uri" : "file(/recipes/weaver/materials/cloth_bolt_purple_recipe.json)"},
			
			"redthread" : {"uri" : "file(/recipes/weaver/materials/thread_red_recipe.json)"},
			"orangethread" : {"uri" : "file(/recipes/weaver/materials/thread_orange_recipe.json)"},
			"yellowthread" : {"uri" : "file(/recipes/weaver/materials/thread_yellow_recipe.json)"},
			"greenthread" : {"uri" : "file(/recipes/weaver/materials/thread_green_recipe.json)"},
			"bluethread" : {"uri" : "file(/recipes/weaver/materials/thread_blue_recipe.json)"},
			"purplethread" : {"uri" : "file(/recipes/weaver/materials/thread_purple_recipe.json)"}
		},
		"Decorations" : {
			"redbannerwallbig" : {"uri" : "file(/recipes/weaver/decoration/banner_wall_big_red_recipe.json)"},
			"orangebannerwallbig" : {"uri" : "file(/recipes/weaver/decoration/banner_wall_big_orange_recipe.json)"},
			"yellowbannerwallbig" : {"uri" : "file(/recipes/weaver/decoration/banner_wall_big_yellow_recipe.json)"},
			"greenbannerwallbig" : {"uri" : "file(/recipes/weaver/decoration/banner_wall_big_green_recipe.json)"},
			"bluebannerwallbig" : {"uri" : "file(/recipes/weaver/decoration/banner_wall_big_blue_recipe.json)"},
			"purplebannerwallbig" : {"uri" : "file(/recipes/weaver/decoration/banner_wall_big_purple_recipe.json)"},
			
			"redbannerwallsmall" : {"uri" : "file(/recipes/weaver/decoration/banner_wall_small_red_recipe.json)"},
			"orangebannerwallsmall" : {"uri" : "file(/recipes/weaver/decoration/banner_wall_small_orange_recipe.json)"},
			"yellowbannerwallsmall" : {"uri" : "file(/recipes/weaver/decoration/banner_wall_small_yellow_recipe.json)"},
			"greenbannerwallsmall" : {"uri" : "file(/recipes/weaver/decoration/banner_wall_small_green_recipe.json)"},
			"bluebannerwallsmall" : {"uri" : "file(/recipes/weaver/decoration/banner_wall_small_blue_recipe.json)"},
			"purplebannerwallsmall" : {"uri" : "file(/recipes/weaver/decoration/banner_wall_small_purple_recipe.json)"},
			
			"redcurtains" : {"uri" : "file(/recipes/weaver/decoration/curtains_red_recipe.json)"},
			"orangecurtains" : {"uri" : "file(/recipes/weaver/decoration/curtains_orange_recipe.json)"},
			"yellowcurtains" : {"uri" : "file(/recipes/weaver/decoration/curtains_yellow_recipe.json)"},
			"greencurtains" : {"uri" : "file(/recipes/weaver/decoration/curtains_green_recipe.json)"},
			"bluecurtains" : {"uri" : "file(/recipes/weaver/decoration/curtains_blue_recipe.json)"},
			"purplecurtains" : {"uri" : "file(/recipes/weaver/decoration/curtains_purple_recipe.json)"},
			
			"redthrowrug" : {"uri" : "file(/recipes/weaver/decoration/throw_rug_red_recipe.json)"},
			"orangethrowrug" : {"uri" : "file(/recipes/weaver/decoration/throw_rug_orange_recipe.json)"},
			"yellowthrowrug" : {"uri" : "file(/recipes/weaver/decoration/throw_rug_yellow_recipe.json)"},
			"greenthrowrug" : {"uri" : "file(/recipes/weaver/decoration/throw_rug_green_recipe.json)"},
			"bluethrowrug" : {"uri" : "file(/recipes/weaver/decoration/throw_rug_blue_recipe.json)"},
			"purplethrowrug" : {"uri" : "file(/recipes/weaver/decoration/throw_rug_purple_recipe.json)"},
			
			"redcampstandard" : {"uri" : "file(/recipes/weaver/decoration/camp_standard_red_recipe.json)"},
			"orangecampstandard" : {"uri" : "file(/recipes/weaver/decoration/camp_standard_orange_recipe.json)"},
			"yellowcampstandard" : {"uri" : "file(/recipes/weaver/decoration/camp_standard_yellow_recipe.json)"},
			"greencampstandard" : {"uri" : "file(/recipes/weaver/decoration/camp_standard_green_recipe.json)"},
			"bluecampstandard" : {"uri" : "file(/recipes/weaver/decoration/camp_standard_blue_recipe.json)"},
			"purplecampstandard" : {"uri" : "file(/recipes/weaver/decoration/camp_standard_purple_recipe.json)"},
			"undyedcampstandard" : {"uri" : "file(/recipes/weaver/decoration/camp_standard_undyed_recipe.json)"}
		}
   }
}