{
   "type":"recipe",

   "work_units"  : 3,
   "recipe_name" : "Green Comfy Chair",
   "description" : "Its padded seat guarantees a 98% reducion in awkward splinters!",
   "flavor"      : "If pillows are good for the head, surely they're even better for the butt and back!",
   "portrait"    : "/colors-base/entities/furniture/comfy_chair/comfy_chair_green/comfy_chair_green.png",

   "ingredients": [
      {
         "material" : "wood resource",
         "count" : 1
      },
      {
         "material" : "green cloth resource",
         "count" : 1
      }
  ],
  "produces": [
      {
         "item":"colors-base:comfy_chair_green"
      }
  ]
}