{
   "type": "entity",
   "components": {
      "unit_info": {
         "name": "Green Comfy Bed",
         "description": "I dreamed... of flying sheep.",
         "icon" : "file(comfy_bed_green.png)"
      },
      "model_variants": {
         "default": {
            "models": [
               "file(comfy_bed_green.qb)"
            ]
         }
      },
      "stonehearth:material" : {
         "tags" : "wood furniture crafted green"
      },
      "render_info" : {
         "scale" : 0.22
      },
      "mob" : {
         "model_origin" : { "x": 0, "y": 0, "z": 0 },
         "region_origin" : { "x": 0.5, "y": 0, "z": 0.5 }
      }
   }
}