{
   "mixins" : "file(comfy_chair_blue_ghost.json)",
   "components": {
      "stonehearth:entity_forms" : {
         "iconic_form" : "file(comfy_chair_blue_iconic.json)",
         "ghost_form" : "file(comfy_chair_blue_ghost.json)",
         "placeable_on_ground" : true
      },
      "region_collision_shape" : {
         "region": [
            {
               "min" : { "x" : 0, "y" : 0, "z" : 0 },
               "max" : { "x" : 1, "y" : 2, "z" : 1 }
            }
         ]
      }
   },
   "entity_data" : {
      "stonehearth:chair" : {}
   }
}
