{
   "type":"recipe",

   "work_units"  : 3,
   "recipe_name" : "Big Green Wall-Mounted Banner",
   "description" : "Show your town pride with this decorative banner.",
   "flavor"      : "Also a sign of affluence.",
   "portrait"    : "/colors-base/entities/decoration/banner_wall_big/banner_wall_big_green/banner_wall_big_green.png",

   "ingredients": [
      {
         "material" : "wood resource",
         "count" : 1
      },
      {
         "material" : "green cloth resource",
         "count" : 1
      }
  ],
  "produces": [
      {
         "item":"colors-base:banner_wall_big_green"
      }
  ]
}