{
   "type":"recipe",

   "work_units"  : 3,
   "recipe_name" : "Small Purple Wall-Mounted Banner",
   "description" : "Show your town pride with this small banner.",
   "flavor"      : "Quality craftsmanship at fine resolutions.",
   "portrait"    : "/colors-base/entities/decoration/banner_wall_small/banner_wall_small_purple/banner_wall_small_purple.png",

   "ingredients": [
      {
         "material" : "wood resource",
         "count" : 1
      },
      {
         "material" : "purple cloth resource",
         "count" : 1
      }
  ],
  "produces": [
      {
         "item":"colors-base:banner_wall_small_purple"
      }
  ]
}