{
   "type":"recipe",

   "work_units"  : 5,
   "recipe_name" : "Yellow Standard",
   "description" : "Use to mark territory, decoratively.",
   "flavor"      : "What's mine is mine and your's is also.",
   "portrait"    : "/colors-base/entities/decoration/camp_standard/camp_standard_yellow/camp_standard_yellow.png",

   "ingredients": [
      {
         "material" : "wood resource",
         "count" : 1
      },
      {
         "material" : "yellow cloth resource",
         "count" : 1
      }
  ],
  "produces": [
      {
         "item":"colors-base:camp_standard_yellow"
      }
  ]
}