{
   "type":"recipe",

   "work_units"  : 5,
   "recipe_name" : "Pretty Orange Curtains",
   "description" : "Dresses up an otherwise ordinary window.",
   "flavor"      : "Light-blocking technology encourages sleeping-in.",
   "portrait"    : "/colors-base/entities/decoration/curtains/curtains_orange/curtains_orange.png",

   "ingredients": [
      {
         "material" : "wood resource",
         "count" : 1
      },
      {
         "material" : "orange cloth resource",
         "count" : 1
      }
  ],
  "produces": [
      {
         "item":"colors-base:curtains_orange"
      }
  ]
}