{
   "type":"recipe",

   "work_units"  : 3,
   "recipe_name" : "Decorative Green Throw Rug",
   "description" : "Brightens up that old dusty floor.",
   "flavor"      : "Too beautiful to step on.",
   "portrait"    : "/colors-base/entities/decoration/throw_rug/throw_rug_green/throw_rug_green.png",

   "ingredients": [
      {
         "material" : "thread resource",
         "count" : 3
      },
	  {
         "material" : "green dye resource",
         "count" : 1
      }
  ],
  "produces": [
      {
         "item" : "colors-base:throw_rug_green"
      }
  ]
}